{
    "model_version": "1.0.0",
    "model_type": "HistGradientBoostingClassifier",
    "training_timestamp": "2026-02-19T09:04:12.357855",
    "dataset_rows": 39500,
    "dataset_columns": 14,
    "target_column": "y",
    "excluded_columns": [
        "duration"
    ],
    "categorical_features": [
        "job",
        "marital",
        "education",
        "default",
        "housing",
        "loan",
        "contact",
        "month"
    ],
    "numeric_features": [
        "age",
        "balance",
        "day",
        "campaign"
    ],
    "class_distribution": {
        "no": 0.9275949367088607,
        "yes": 0.07240506329113924
    },
    "cv_train_metrics": {
        "accuracy": 0.7708101265822784,
        "precision": 0.18543854553006245,
        "recall": 0.6378496503496502,
        "f1": 0.2873301975011179
    },
    "cv_validation_metrics": {
        "accuracy": 0.7568354430379747,
        "precision": 0.15851736292009236,
        "recall": 0.5472027972027972,
        "f1": 0.24581207079773879
    },
    "hyperparameters": {
        "learning_rate": 0.03,
        "max_iter": 200,
        "random_state": 42,
        "min_samples_leaf": 50,
        "max_depth": null,
        "max_bins": 64,
        "l2_regularization": 0.1
    }
}